/root/jfs-fse-2019-artifact/data/benchmarks/3-stratified-random-sampling/benchmarks/QF_FP/20170501-Heizmann-UltimateAutomizer/Newlib-BadKrozingenChallenge-Oversimplified.smt2,/root/jfs-fse-2019-artifact/data/benchmarks/3-stratified-random-sampling/benchmarks/QF_FP/20170501-Heizmann-UltimateAutomizer/Newlib-BadKrozingenChallenge-Oversimplified.smt2,16,,0.781,build/foo.c:6:25: error: expected ';' at end of declaration;
/root/jfs-fse-2019-artifact/data/benchmarks/3-stratified-random-sampling/benchmarks/QF_FP/20170501-Heizmann-UltimateAutomizer/water_pid_true-unreach-call.c_14.smt2,/root/jfs-fse-2019-artifact/data/benchmarks/3-stratified-random-sampling/benchmarks/QF_FP/20170501-Heizmann-UltimateAutomizer/water_pid_true-unreach-call.c_14.smt2,13,,0.597,UnicodeDecodeError: 'ascii' codec can't decode byte 0xc3 in position 831: ordinal not in range(128);
/root/jfs-fse-2019-artifact/data/benchmarks/3-stratified-random-sampling/benchmarks/QF_FP/griggio/fmcad12/div.c.10.smt2,/root/jfs-fse-2019-artifact/data/benchmarks/3-stratified-random-sampling/benchmarks/QF_FP/griggio/fmcad12/div.c.10.smt2,13,sat,1.871,
/root/jfs-fse-2019-artifact/data/benchmarks/3-stratified-random-sampling/benchmarks/QF_FP/griggio/fmcad12/div.c.20.smt2,/root/jfs-fse-2019-artifact/data/benchmarks/3-stratified-random-sampling/benchmarks/QF_FP/griggio/fmcad12/div.c.20.smt2,23,sat,1.836,
/root/jfs-fse-2019-artifact/data/benchmarks/3-stratified-random-sampling/benchmarks/QF_FP/griggio/fmcad12/div.c.3.smt2,/root/jfs-fse-2019-artifact/data/benchmarks/3-stratified-random-sampling/benchmarks/QF_FP/griggio/fmcad12/div.c.3.smt2,6,sat,1.814,
/root/jfs-fse-2019-artifact/data/benchmarks/3-stratified-random-sampling/benchmarks/QF_FP/griggio/fmcad12/div.c.30.smt2,/root/jfs-fse-2019-artifact/data/benchmarks/3-stratified-random-sampling/benchmarks/QF_FP/griggio/fmcad12/div.c.30.smt2,33,sat,1.973,
/root/jfs-fse-2019-artifact/data/benchmarks/3-stratified-random-sampling/benchmarks/QF_FP/griggio/fmcad12/div.c.40.smt2,/root/jfs-fse-2019-artifact/data/benchmarks/3-stratified-random-sampling/benchmarks/QF_FP/griggio/fmcad12/div.c.40.smt2,43,sat,1.947,
/root/jfs-fse-2019-artifact/data/benchmarks/3-stratified-random-sampling/benchmarks/QF_FP/griggio/fmcad12/div.c.50.smt2,/root/jfs-fse-2019-artifact/data/benchmarks/3-stratified-random-sampling/benchmarks/QF_FP/griggio/fmcad12/div.c.50.smt2,53,sat,2.044,
/root/jfs-fse-2019-artifact/data/benchmarks/3-stratified-random-sampling/benchmarks/QF_FP/griggio/fmcad12/div2.c.10.smt2,/root/jfs-fse-2019-artifact/data/benchmarks/3-stratified-random-sampling/benchmarks/QF_FP/griggio/fmcad12/div2.c.10.smt2,12,sat,2.151,
/root/jfs-fse-2019-artifact/data/benchmarks/3-stratified-random-sampling/benchmarks/QF_FP/griggio/fmcad12/div2.c.20.smt2,/root/jfs-fse-2019-artifact/data/benchmarks/3-stratified-random-sampling/benchmarks/QF_FP/griggio/fmcad12/div2.c.20.smt2,22,sat,2.503,
/root/jfs-fse-2019-artifact/data/benchmarks/3-stratified-random-sampling/benchmarks/QF_FP/griggio/fmcad12/div2.c.3.smt2,/root/jfs-fse-2019-artifact/data/benchmarks/3-stratified-random-sampling/benchmarks/QF_FP/griggio/fmcad12/div2.c.3.smt2,5,sat,1.872,
/root/jfs-fse-2019-artifact/data/benchmarks/3-stratified-random-sampling/benchmarks/QF_FP/griggio/fmcad12/div2.c.30.smt2,/root/jfs-fse-2019-artifact/data/benchmarks/3-stratified-random-sampling/benchmarks/QF_FP/griggio/fmcad12/div2.c.30.smt2,32,sat,5.692,
/root/jfs-fse-2019-artifact/data/benchmarks/3-stratified-random-sampling/benchmarks/QF_FP/griggio/fmcad12/div2.c.40.smt2,/root/jfs-fse-2019-artifact/data/benchmarks/3-stratified-random-sampling/benchmarks/QF_FP/griggio/fmcad12/div2.c.40.smt2,42,sat,13.606,
/root/jfs-fse-2019-artifact/data/benchmarks/3-stratified-random-sampling/benchmarks/QF_FP/griggio/fmcad12/div2.c.50.smt2,/root/jfs-fse-2019-artifact/data/benchmarks/3-stratified-random-sampling/benchmarks/QF_FP/griggio/fmcad12/div2.c.50.smt2,52,sat,17.453,
/root/jfs-fse-2019-artifact/data/benchmarks/3-stratified-random-sampling/benchmarks/QF_FP/griggio/fmcad12/div3.c.10.smt2,/root/jfs-fse-2019-artifact/data/benchmarks/3-stratified-random-sampling/benchmarks/QF_FP/griggio/fmcad12/div3.c.10.smt2,13,sat,1.940,
/root/jfs-fse-2019-artifact/data/benchmarks/3-stratified-random-sampling/benchmarks/QF_FP/griggio/fmcad12/div3.c.20.smt2,/root/jfs-fse-2019-artifact/data/benchmarks/3-stratified-random-sampling/benchmarks/QF_FP/griggio/fmcad12/div3.c.20.smt2,23,sat,1.851,
/root/jfs-fse-2019-artifact/data/benchmarks/3-stratified-random-sampling/benchmarks/QF_FP/griggio/fmcad12/div3.c.3.smt2,/root/jfs-fse-2019-artifact/data/benchmarks/3-stratified-random-sampling/benchmarks/QF_FP/griggio/fmcad12/div3.c.3.smt2,6,sat,1.799,
/root/jfs-fse-2019-artifact/data/benchmarks/3-stratified-random-sampling/benchmarks/QF_FP/griggio/fmcad12/div3.c.30.smt2,/root/jfs-fse-2019-artifact/data/benchmarks/3-stratified-random-sampling/benchmarks/QF_FP/griggio/fmcad12/div3.c.30.smt2,33,sat,1.912,
/root/jfs-fse-2019-artifact/data/benchmarks/3-stratified-random-sampling/benchmarks/QF_FP/griggio/fmcad12/div3.c.40.smt2,/root/jfs-fse-2019-artifact/data/benchmarks/3-stratified-random-sampling/benchmarks/QF_FP/griggio/fmcad12/div3.c.40.smt2,43,sat,1.937,
/root/jfs-fse-2019-artifact/data/benchmarks/3-stratified-random-sampling/benchmarks/QF_FP/griggio/fmcad12/div3.c.50.smt2,/root/jfs-fse-2019-artifact/data/benchmarks/3-stratified-random-sampling/benchmarks/QF_FP/griggio/fmcad12/div3.c.50.smt2,53,sat,2.108,
/root/jfs-fse-2019-artifact/data/benchmarks/3-stratified-random-sampling/benchmarks/QF_FP/griggio/fmcad12/e2.c.smt2,/root/jfs-fse-2019-artifact/data/benchmarks/3-stratified-random-sampling/benchmarks/QF_FP/griggio/fmcad12/e2.c.smt2,13,sat,1.859,
/root/jfs-fse-2019-artifact/data/benchmarks/3-stratified-random-sampling/benchmarks/QF_FP/griggio/fmcad12/e2_1.c.smt2,/root/jfs-fse-2019-artifact/data/benchmarks/3-stratified-random-sampling/benchmarks/QF_FP/griggio/fmcad12/e2_1.c.smt2,11,sat,1.833,
/root/jfs-fse-2019-artifact/data/benchmarks/3-stratified-random-sampling/benchmarks/QF_FP/griggio/fmcad12/e2_2.c.smt2,/root/jfs-fse-2019-artifact/data/benchmarks/3-stratified-random-sampling/benchmarks/QF_FP/griggio/fmcad12/e2_2.c.smt2,12,sat,1.818,
/root/jfs-fse-2019-artifact/data/benchmarks/3-stratified-random-sampling/benchmarks/QF_FP/griggio/fmcad12/e2_3.c.smt2,/root/jfs-fse-2019-artifact/data/benchmarks/3-stratified-random-sampling/benchmarks/QF_FP/griggio/fmcad12/e2_3.c.smt2,11,sat,1.820,
/root/jfs-fse-2019-artifact/data/benchmarks/3-stratified-random-sampling/benchmarks/QF_FP/griggio/fmcad12/e2a_1.c.smt2,/root/jfs-fse-2019-artifact/data/benchmarks/3-stratified-random-sampling/benchmarks/QF_FP/griggio/fmcad12/e2a_1.c.smt2,8,sat,1.776,
/root/jfs-fse-2019-artifact/data/benchmarks/3-stratified-random-sampling/benchmarks/QF_FP/griggio/fmcad12/e2a_2.c.smt2,/root/jfs-fse-2019-artifact/data/benchmarks/3-stratified-random-sampling/benchmarks/QF_FP/griggio/fmcad12/e2a_2.c.smt2,9,sat,1.782,
/root/jfs-fse-2019-artifact/data/benchmarks/3-stratified-random-sampling/benchmarks/QF_FP/griggio/fmcad12/e2a_3.c.smt2,/root/jfs-fse-2019-artifact/data/benchmarks/3-stratified-random-sampling/benchmarks/QF_FP/griggio/fmcad12/e2a_3.c.smt2,7,sat,1.764,
/root/jfs-fse-2019-artifact/data/benchmarks/3-stratified-random-sampling/benchmarks/QF_FP/griggio/fmcad12/e3_1.c.smt2,/root/jfs-fse-2019-artifact/data/benchmarks/3-stratified-random-sampling/benchmarks/QF_FP/griggio/fmcad12/e3_1.c.smt2,7,sat,2.062,
/root/jfs-fse-2019-artifact/data/benchmarks/3-stratified-random-sampling/benchmarks/QF_FP/griggio/fmcad12/e3_2.c.smt2,/root/jfs-fse-2019-artifact/data/benchmarks/3-stratified-random-sampling/benchmarks/QF_FP/griggio/fmcad12/e3_2.c.smt2,7,sat,1.967,
/root/jfs-fse-2019-artifact/data/benchmarks/3-stratified-random-sampling/benchmarks/QF_FP/griggio/fmcad12/f23.smt2,/root/jfs-fse-2019-artifact/data/benchmarks/3-stratified-random-sampling/benchmarks/QF_FP/griggio/fmcad12/f23.smt2,2,sat,1.959,
/root/jfs-fse-2019-artifact/data/benchmarks/3-stratified-random-sampling/benchmarks/QF_FP/griggio/fmcad12/gaussian.c.125.smt2,/root/jfs-fse-2019-artifact/data/benchmarks/3-stratified-random-sampling/benchmarks/QF_FP/griggio/fmcad12/gaussian.c.125.smt2,379,sat,10.666,
/root/jfs-fse-2019-artifact/data/benchmarks/3-stratified-random-sampling/benchmarks/QF_FP/griggio/fmcad12/gaussian.c.175.smt2,/root/jfs-fse-2019-artifact/data/benchmarks/3-stratified-random-sampling/benchmarks/QF_FP/griggio/fmcad12/gaussian.c.175.smt2,529,sat,24797.043,
/root/jfs-fse-2019-artifact/data/benchmarks/3-stratified-random-sampling/benchmarks/QF_FP/griggio/fmcad12/gaussian.c.25.smt2,/root/jfs-fse-2019-artifact/data/benchmarks/3-stratified-random-sampling/benchmarks/QF_FP/griggio/fmcad12/gaussian.c.25.smt2,79,sat,2.633,
/root/jfs-fse-2019-artifact/data/benchmarks/3-stratified-random-sampling/benchmarks/QF_FP/griggio/fmcad12/gaussian.c.75.smt2,/root/jfs-fse-2019-artifact/data/benchmarks/3-stratified-random-sampling/benchmarks/QF_FP/griggio/fmcad12/gaussian.c.75.smt2,229,sat,18.951,
/root/jfs-fse-2019-artifact/data/benchmarks/3-stratified-random-sampling/benchmarks/QF_FP/griggio/fmcad12/mult2.c.10.smt2,/root/jfs-fse-2019-artifact/data/benchmarks/3-stratified-random-sampling/benchmarks/QF_FP/griggio/fmcad12/mult2.c.10.smt2,14,sat,1.844,
/root/jfs-fse-2019-artifact/data/benchmarks/3-stratified-random-sampling/benchmarks/QF_FP/griggio/fmcad12/mult2.c.20.smt2,/root/jfs-fse-2019-artifact/data/benchmarks/3-stratified-random-sampling/benchmarks/QF_FP/griggio/fmcad12/mult2.c.20.smt2,24,sat,1.848,
/root/jfs-fse-2019-artifact/data/benchmarks/3-stratified-random-sampling/benchmarks/QF_FP/griggio/fmcad12/mult2.c.3.smt2,/root/jfs-fse-2019-artifact/data/benchmarks/3-stratified-random-sampling/benchmarks/QF_FP/griggio/fmcad12/mult2.c.3.smt2,7,sat,1.816,
/root/jfs-fse-2019-artifact/data/benchmarks/3-stratified-random-sampling/benchmarks/QF_FP/griggio/fmcad12/mult2.c.30.smt2,/root/jfs-fse-2019-artifact/data/benchmarks/3-stratified-random-sampling/benchmarks/QF_FP/griggio/fmcad12/mult2.c.30.smt2,34,sat,2.511,
/root/jfs-fse-2019-artifact/data/benchmarks/3-stratified-random-sampling/benchmarks/QF_FP/griggio/fmcad12/mult2.c.40.smt2,/root/jfs-fse-2019-artifact/data/benchmarks/3-stratified-random-sampling/benchmarks/QF_FP/griggio/fmcad12/mult2.c.40.smt2,44,sat,2.805,
/root/jfs-fse-2019-artifact/data/benchmarks/3-stratified-random-sampling/benchmarks/QF_FP/griggio/fmcad12/mult2.c.50.smt2,/root/jfs-fse-2019-artifact/data/benchmarks/3-stratified-random-sampling/benchmarks/QF_FP/griggio/fmcad12/mult2.c.50.smt2,54,sat,4.063,
/root/jfs-fse-2019-artifact/data/benchmarks/3-stratified-random-sampling/benchmarks/QF_FP/griggio/fmcad12/test_v3_r3_vr10_c1_s14052.smt2,/root/jfs-fse-2019-artifact/data/benchmarks/3-stratified-random-sampling/benchmarks/QF_FP/griggio/fmcad12/test_v3_r3_vr10_c1_s14052.smt2,3,sat,1.948,
/root/jfs-fse-2019-artifact/data/benchmarks/3-stratified-random-sampling/benchmarks/QF_FP/griggio/fmcad12/test_v3_r3_vr10_c1_s24300.smt2,/root/jfs-fse-2019-artifact/data/benchmarks/3-stratified-random-sampling/benchmarks/QF_FP/griggio/fmcad12/test_v3_r3_vr10_c1_s24300.smt2,3,sat,1.825,
/root/jfs-fse-2019-artifact/data/benchmarks/3-stratified-random-sampling/benchmarks/QF_FP/griggio/fmcad12/test_v3_r3_vr10_c1_s29304.smt2,/root/jfs-fse-2019-artifact/data/benchmarks/3-stratified-random-sampling/benchmarks/QF_FP/griggio/fmcad12/test_v3_r3_vr10_c1_s29304.smt2,3,sat,1.847,
/root/jfs-fse-2019-artifact/data/benchmarks/3-stratified-random-sampling/benchmarks/QF_FP/griggio/fmcad12/test_v3_r3_vr1_c1_s10392.smt2,/root/jfs-fse-2019-artifact/data/benchmarks/3-stratified-random-sampling/benchmarks/QF_FP/griggio/fmcad12/test_v3_r3_vr1_c1_s10392.smt2,3,sat,1.864,
/root/jfs-fse-2019-artifact/data/benchmarks/3-stratified-random-sampling/benchmarks/QF_FP/griggio/fmcad12/test_v3_r3_vr5_c1_s16641.smt2,/root/jfs-fse-2019-artifact/data/benchmarks/3-stratified-random-sampling/benchmarks/QF_FP/griggio/fmcad12/test_v3_r3_vr5_c1_s16641.smt2,3,sat,1.907,
/root/jfs-fse-2019-artifact/data/benchmarks/3-stratified-random-sampling/benchmarks/QF_FP/griggio/fmcad12/test_v3_r3_vr5_c1_s16867.smt2,/root/jfs-fse-2019-artifact/data/benchmarks/3-stratified-random-sampling/benchmarks/QF_FP/griggio/fmcad12/test_v3_r3_vr5_c1_s16867.smt2,3,sat,1.805,
/root/jfs-fse-2019-artifact/data/benchmarks/3-stratified-random-sampling/benchmarks/QF_FP/griggio/fmcad12/test_v3_r3_vr5_c1_s26769.smt2,/root/jfs-fse-2019-artifact/data/benchmarks/3-stratified-random-sampling/benchmarks/QF_FP/griggio/fmcad12/test_v3_r3_vr5_c1_s26769.smt2,3,sat,1.873,
/root/jfs-fse-2019-artifact/data/benchmarks/3-stratified-random-sampling/benchmarks/QF_FP/griggio/fmcad12/test_v3_r8_vr10_c1_s5590.smt2,/root/jfs-fse-2019-artifact/data/benchmarks/3-stratified-random-sampling/benchmarks/QF_FP/griggio/fmcad12/test_v3_r8_vr10_c1_s5590.smt2,3,sat,1.871,
/root/jfs-fse-2019-artifact/data/benchmarks/3-stratified-random-sampling/benchmarks/QF_FP/griggio/fmcad12/test_v5_r10_vr1_c1_s13516.smt2,/root/jfs-fse-2019-artifact/data/benchmarks/3-stratified-random-sampling/benchmarks/QF_FP/griggio/fmcad12/test_v5_r10_vr1_c1_s13516.smt2,5,sat,1.934,
/root/jfs-fse-2019-artifact/data/benchmarks/3-stratified-random-sampling/benchmarks/QF_FP/griggio/fmcad12/test_v5_r10_vr1_c1_s19145.smt2,/root/jfs-fse-2019-artifact/data/benchmarks/3-stratified-random-sampling/benchmarks/QF_FP/griggio/fmcad12/test_v5_r10_vr1_c1_s19145.smt2,5,sat,1.893,
/root/jfs-fse-2019-artifact/data/benchmarks/3-stratified-random-sampling/benchmarks/QF_FP/griggio/fmcad12/test_v5_r10_vr5_c1_s13195.smt2,/root/jfs-fse-2019-artifact/data/benchmarks/3-stratified-random-sampling/benchmarks/QF_FP/griggio/fmcad12/test_v5_r10_vr5_c1_s13195.smt2,5,sat,1.956,
/root/jfs-fse-2019-artifact/data/benchmarks/3-stratified-random-sampling/benchmarks/QF_FP/griggio/fmcad12/test_v5_r10_vr5_c1_s13679.smt2,/root/jfs-fse-2019-artifact/data/benchmarks/3-stratified-random-sampling/benchmarks/QF_FP/griggio/fmcad12/test_v5_r10_vr5_c1_s13679.smt2,5,sat,1.987,
/root/jfs-fse-2019-artifact/data/benchmarks/3-stratified-random-sampling/benchmarks/QF_FP/griggio/fmcad12/test_v5_r5_vr10_c1_s5379.smt2,/root/jfs-fse-2019-artifact/data/benchmarks/3-stratified-random-sampling/benchmarks/QF_FP/griggio/fmcad12/test_v5_r5_vr10_c1_s5379.smt2,5,sat,1.898,
/root/jfs-fse-2019-artifact/data/benchmarks/3-stratified-random-sampling/benchmarks/QF_FP/griggio/fmcad12/test_v5_r5_vr10_c1_s5996.smt2,/root/jfs-fse-2019-artifact/data/benchmarks/3-stratified-random-sampling/benchmarks/QF_FP/griggio/fmcad12/test_v5_r5_vr10_c1_s5996.smt2,5,sat,1.857,
/root/jfs-fse-2019-artifact/data/benchmarks/3-stratified-random-sampling/benchmarks/QF_FP/griggio/fmcad12/test_v5_r5_vr10_c1_s7194.smt2,/root/jfs-fse-2019-artifact/data/benchmarks/3-stratified-random-sampling/benchmarks/QF_FP/griggio/fmcad12/test_v5_r5_vr10_c1_s7194.smt2,5,sat,1.898,
/root/jfs-fse-2019-artifact/data/benchmarks/3-stratified-random-sampling/benchmarks/QF_FP/griggio/fmcad12/test_v5_r5_vr1_c1_s14623.smt2,/root/jfs-fse-2019-artifact/data/benchmarks/3-stratified-random-sampling/benchmarks/QF_FP/griggio/fmcad12/test_v5_r5_vr1_c1_s14623.smt2,5,sat,1.986,
/root/jfs-fse-2019-artifact/data/benchmarks/3-stratified-random-sampling/benchmarks/QF_FP/griggio/fmcad12/test_v5_r5_vr1_c1_s15604.smt2,/root/jfs-fse-2019-artifact/data/benchmarks/3-stratified-random-sampling/benchmarks/QF_FP/griggio/fmcad12/test_v5_r5_vr1_c1_s15604.smt2,5,sat,1.857,
/root/jfs-fse-2019-artifact/data/benchmarks/3-stratified-random-sampling/benchmarks/QF_FP/griggio/fmcad12/test_v5_r5_vr1_c1_s16138.smt2,/root/jfs-fse-2019-artifact/data/benchmarks/3-stratified-random-sampling/benchmarks/QF_FP/griggio/fmcad12/test_v5_r5_vr1_c1_s16138.smt2,5,sat,1.909,
/root/jfs-fse-2019-artifact/data/benchmarks/3-stratified-random-sampling/benchmarks/QF_FP/griggio/fmcad12/test_v5_r5_vr5_c1_s24018.smt2,/root/jfs-fse-2019-artifact/data/benchmarks/3-stratified-random-sampling/benchmarks/QF_FP/griggio/fmcad12/test_v5_r5_vr5_c1_s24018.smt2,5,sat,1.860,
/root/jfs-fse-2019-artifact/data/benchmarks/3-stratified-random-sampling/benchmarks/QF_FP/griggio/fmcad12/test_v5_r5_vr5_c1_s2800.smt2,/root/jfs-fse-2019-artifact/data/benchmarks/3-stratified-random-sampling/benchmarks/QF_FP/griggio/fmcad12/test_v5_r5_vr5_c1_s2800.smt2,5,sat,1.835,
/root/jfs-fse-2019-artifact/data/benchmarks/3-stratified-random-sampling/benchmarks/QF_FP/griggio/fmcad12/test_v5_r5_vr5_c1_s9855.smt2,/root/jfs-fse-2019-artifact/data/benchmarks/3-stratified-random-sampling/benchmarks/QF_FP/griggio/fmcad12/test_v5_r5_vr5_c1_s9855.smt2,5,sat,1.809,
/root/jfs-fse-2019-artifact/data/benchmarks/3-stratified-random-sampling/benchmarks/QF_FP/griggio/fmcad12/test_v7_r12_vr10_c1_s15994.smt2,/root/jfs-fse-2019-artifact/data/benchmarks/3-stratified-random-sampling/benchmarks/QF_FP/griggio/fmcad12/test_v7_r12_vr10_c1_s15994.smt2,7,sat,1.925,
/root/jfs-fse-2019-artifact/data/benchmarks/3-stratified-random-sampling/benchmarks/QF_FP/griggio/fmcad12/test_v7_r12_vr10_c1_s30410.smt2,/root/jfs-fse-2019-artifact/data/benchmarks/3-stratified-random-sampling/benchmarks/QF_FP/griggio/fmcad12/test_v7_r12_vr10_c1_s30410.smt2,7,sat,2.128,
/root/jfs-fse-2019-artifact/data/benchmarks/3-stratified-random-sampling/benchmarks/QF_FP/griggio/fmcad12/test_v7_r12_vr5_c1_s14336.smt2,/root/jfs-fse-2019-artifact/data/benchmarks/3-stratified-random-sampling/benchmarks/QF_FP/griggio/fmcad12/test_v7_r12_vr5_c1_s14336.smt2,7,sat,1.930,
/root/jfs-fse-2019-artifact/data/benchmarks/3-stratified-random-sampling/benchmarks/QF_FP/griggio/fmcad12/test_v7_r12_vr5_c1_s29826.smt2,/root/jfs-fse-2019-artifact/data/benchmarks/3-stratified-random-sampling/benchmarks/QF_FP/griggio/fmcad12/test_v7_r12_vr5_c1_s29826.smt2,7,sat,1.928,
/root/jfs-fse-2019-artifact/data/benchmarks/3-stratified-random-sampling/benchmarks/QF_FP/griggio/fmcad12/test_v7_r12_vr5_c1_s8938.smt2,/root/jfs-fse-2019-artifact/data/benchmarks/3-stratified-random-sampling/benchmarks/QF_FP/griggio/fmcad12/test_v7_r12_vr5_c1_s8938.smt2,7,sat,1.907,
/root/jfs-fse-2019-artifact/data/benchmarks/3-stratified-random-sampling/benchmarks/QF_FP/griggio/fmcad12/test_v7_r17_vr10_c1_s18654.smt2,/root/jfs-fse-2019-artifact/data/benchmarks/3-stratified-random-sampling/benchmarks/QF_FP/griggio/fmcad12/test_v7_r17_vr10_c1_s18654.smt2,7,sat,2.114,
/root/jfs-fse-2019-artifact/data/benchmarks/3-stratified-random-sampling/benchmarks/QF_FP/griggio/fmcad12/test_v7_r17_vr10_c1_s8773.smt2,/root/jfs-fse-2019-artifact/data/benchmarks/3-stratified-random-sampling/benchmarks/QF_FP/griggio/fmcad12/test_v7_r17_vr10_c1_s8773.smt2,7,sat,2.026,
/root/jfs-fse-2019-artifact/data/benchmarks/3-stratified-random-sampling/benchmarks/QF_FP/griggio/fmcad12/test_v7_r17_vr1_c1_s23882.smt2,/root/jfs-fse-2019-artifact/data/benchmarks/3-stratified-random-sampling/benchmarks/QF_FP/griggio/fmcad12/test_v7_r17_vr1_c1_s23882.smt2,7,sat,2.140,
/root/jfs-fse-2019-artifact/data/benchmarks/3-stratified-random-sampling/benchmarks/QF_FP/griggio/fmcad12/test_v7_r7_vr10_c1_s10625.smt2,/root/jfs-fse-2019-artifact/data/benchmarks/3-stratified-random-sampling/benchmarks/QF_FP/griggio/fmcad12/test_v7_r7_vr10_c1_s10625.smt2,7,sat,1.877,
/root/jfs-fse-2019-artifact/data/benchmarks/3-stratified-random-sampling/benchmarks/QF_FP/griggio/fmcad12/test_v7_r7_vr10_c1_s24535.smt2,/root/jfs-fse-2019-artifact/data/benchmarks/3-stratified-random-sampling/benchmarks/QF_FP/griggio/fmcad12/test_v7_r7_vr10_c1_s24535.smt2,7,sat,2.007,
/root/jfs-fse-2019-artifact/data/benchmarks/3-stratified-random-sampling/benchmarks/QF_FP/griggio/fmcad12/test_v7_r7_vr10_c1_s32506.smt2,/root/jfs-fse-2019-artifact/data/benchmarks/3-stratified-random-sampling/benchmarks/QF_FP/griggio/fmcad12/test_v7_r7_vr10_c1_s32506.smt2,7,sat,1.891,
/root/jfs-fse-2019-artifact/data/benchmarks/3-stratified-random-sampling/benchmarks/QF_FP/griggio/fmcad12/test_v7_r7_vr1_c1_s22845.smt2,/root/jfs-fse-2019-artifact/data/benchmarks/3-stratified-random-sampling/benchmarks/QF_FP/griggio/fmcad12/test_v7_r7_vr1_c1_s22845.smt2,7,sat,1.810,
/root/jfs-fse-2019-artifact/data/benchmarks/3-stratified-random-sampling/benchmarks/QF_FP/griggio/fmcad12/test_v7_r7_vr1_c1_s4574.smt2,/root/jfs-fse-2019-artifact/data/benchmarks/3-stratified-random-sampling/benchmarks/QF_FP/griggio/fmcad12/test_v7_r7_vr1_c1_s4574.smt2,7,sat,1.898,
/root/jfs-fse-2019-artifact/data/benchmarks/3-stratified-random-sampling/benchmarks/QF_FP/griggio/fmcad12/test_v7_r7_vr5_c1_s14675.smt2,/root/jfs-fse-2019-artifact/data/benchmarks/3-stratified-random-sampling/benchmarks/QF_FP/griggio/fmcad12/test_v7_r7_vr5_c1_s14675.smt2,7,sat,1.912,
/root/jfs-fse-2019-artifact/data/benchmarks/3-stratified-random-sampling/benchmarks/QF_FP/griggio/fmcad12/test_v7_r7_vr5_c1_s19694.smt2,/root/jfs-fse-2019-artifact/data/benchmarks/3-stratified-random-sampling/benchmarks/QF_FP/griggio/fmcad12/test_v7_r7_vr5_c1_s19694.smt2,7,sat,1.865,
/root/jfs-fse-2019-artifact/data/benchmarks/3-stratified-random-sampling/benchmarks/QF_FP/griggio/fmcad12/test_v7_r7_vr5_c1_s3582.smt2,/root/jfs-fse-2019-artifact/data/benchmarks/3-stratified-random-sampling/benchmarks/QF_FP/griggio/fmcad12/test_v7_r7_vr5_c1_s3582.smt2,7,sat,1.954,
/root/jfs-fse-2019-artifact/data/benchmarks/3-stratified-random-sampling/benchmarks/QF_FP/20170501-Heizmann-UltimateAutomizer/cos_polynomial_true-unreach-call.c_9.smt2,/root/jfs-fse-2019-artifact/data/benchmarks/3-stratified-random-sampling/benchmarks/QF_FP/20170501-Heizmann-UltimateAutomizer/cos_polynomial_true-unreach-call.c_9.smt2,10,,0.651,UnicodeDecodeError: 'ascii' codec can't decode byte 0xc3 in position 831: ordinal not in range(128);
/root/jfs-fse-2019-artifact/data/benchmarks/3-stratified-random-sampling/benchmarks/QF_FP/20170501-Heizmann-UltimateAutomizer/filter2_reinit_true-unreach-call.c_7.smt2,/root/jfs-fse-2019-artifact/data/benchmarks/3-stratified-random-sampling/benchmarks/QF_FP/20170501-Heizmann-UltimateAutomizer/filter2_reinit_true-unreach-call.c_7.smt2,8,,0.628,UnicodeDecodeError: 'ascii' codec can't decode byte 0xc3 in position 831: ordinal not in range(128);
/root/jfs-fse-2019-artifact/data/benchmarks/3-stratified-random-sampling/benchmarks/QF_FP/20170501-Heizmann-UltimateAutomizer/image_filter_true-unreach-call.c_2.smt2,/root/jfs-fse-2019-artifact/data/benchmarks/3-stratified-random-sampling/benchmarks/QF_FP/20170501-Heizmann-UltimateAutomizer/image_filter_true-unreach-call.c_2.smt2,11,,0.606,UnicodeDecodeError: 'ascii' codec can't decode byte 0xc3 in position 831: ordinal not in range(128);
/root/jfs-fse-2019-artifact/data/benchmarks/3-stratified-random-sampling/benchmarks/QF_FP/20170501-Heizmann-UltimateAutomizer/water_pid_true-unreach-call.c_372.smt2,/root/jfs-fse-2019-artifact/data/benchmarks/3-stratified-random-sampling/benchmarks/QF_FP/20170501-Heizmann-UltimateAutomizer/water_pid_true-unreach-call.c_372.smt2,16,,0.557,UnicodeDecodeError: 'ascii' codec can't decode byte 0xc3 in position 831: ordinal not in range(128);
/root/jfs-fse-2019-artifact/data/benchmarks/3-stratified-random-sampling/benchmarks/QF_FP/griggio/fmcad12/e1.c.smt2,/root/jfs-fse-2019-artifact/data/benchmarks/3-stratified-random-sampling/benchmarks/QF_FP/griggio/fmcad12/e1.c.smt2,5,sat,1.887,
/root/jfs-fse-2019-artifact/data/benchmarks/3-stratified-random-sampling/benchmarks/QF_FP/griggio/fmcad12/e1_1.c.smt2,/root/jfs-fse-2019-artifact/data/benchmarks/3-stratified-random-sampling/benchmarks/QF_FP/griggio/fmcad12/e1_1.c.smt2,4,sat,1.883,
/root/jfs-fse-2019-artifact/data/benchmarks/3-stratified-random-sampling/benchmarks/QF_FP/griggio/fmcad12/e1_2.c.smt2,/root/jfs-fse-2019-artifact/data/benchmarks/3-stratified-random-sampling/benchmarks/QF_FP/griggio/fmcad12/e1_2.c.smt2,4,sat,1.794,
/root/jfs-fse-2019-artifact/data/benchmarks/3-stratified-random-sampling/benchmarks/QF_FP/griggio/fmcad12/mult1.c.10.smt2,/root/jfs-fse-2019-artifact/data/benchmarks/3-stratified-random-sampling/benchmarks/QF_FP/griggio/fmcad12/mult1.c.10.smt2,13,sat,1.910,
/root/jfs-fse-2019-artifact/data/benchmarks/3-stratified-random-sampling/benchmarks/QF_FP/griggio/fmcad12/mult1.c.20.smt2,/root/jfs-fse-2019-artifact/data/benchmarks/3-stratified-random-sampling/benchmarks/QF_FP/griggio/fmcad12/mult1.c.20.smt2,23,sat,1.874,
/root/jfs-fse-2019-artifact/data/benchmarks/3-stratified-random-sampling/benchmarks/QF_FP/griggio/fmcad12/mult1.c.3.smt2,/root/jfs-fse-2019-artifact/data/benchmarks/3-stratified-random-sampling/benchmarks/QF_FP/griggio/fmcad12/mult1.c.3.smt2,6,sat,1.853,
/root/jfs-fse-2019-artifact/data/benchmarks/3-stratified-random-sampling/benchmarks/QF_FP/griggio/fmcad12/mult1.c.30.smt2,/root/jfs-fse-2019-artifact/data/benchmarks/3-stratified-random-sampling/benchmarks/QF_FP/griggio/fmcad12/mult1.c.30.smt2,33,sat,1.906,
/root/jfs-fse-2019-artifact/data/benchmarks/3-stratified-random-sampling/benchmarks/QF_FP/griggio/fmcad12/mult1.c.40.smt2,/root/jfs-fse-2019-artifact/data/benchmarks/3-stratified-random-sampling/benchmarks/QF_FP/griggio/fmcad12/mult1.c.40.smt2,43,sat,2.113,
/root/jfs-fse-2019-artifact/data/benchmarks/3-stratified-random-sampling/benchmarks/QF_FP/griggio/fmcad12/mult1.c.50.smt2,/root/jfs-fse-2019-artifact/data/benchmarks/3-stratified-random-sampling/benchmarks/QF_FP/griggio/fmcad12/mult1.c.50.smt2,53,sat,2.108,
/root/jfs-fse-2019-artifact/data/benchmarks/3-stratified-random-sampling/benchmarks/QF_FP/griggio/fmcad12/newton.4.1.i.smt2,/root/jfs-fse-2019-artifact/data/benchmarks/3-stratified-random-sampling/benchmarks/QF_FP/griggio/fmcad12/newton.4.1.i.smt2,1,sat,1.807,
/root/jfs-fse-2019-artifact/data/benchmarks/3-stratified-random-sampling/benchmarks/QF_FP/griggio/fmcad12/newton.5.1.i.smt2,/root/jfs-fse-2019-artifact/data/benchmarks/3-stratified-random-sampling/benchmarks/QF_FP/griggio/fmcad12/newton.5.1.i.smt2,1,sat,1.799,
/root/jfs-fse-2019-artifact/data/benchmarks/3-stratified-random-sampling/benchmarks/QF_FP/griggio/fmcad12/newton.6.1.i.smt2,/root/jfs-fse-2019-artifact/data/benchmarks/3-stratified-random-sampling/benchmarks/QF_FP/griggio/fmcad12/newton.6.1.i.smt2,1,sat,1.867,
/root/jfs-fse-2019-artifact/data/benchmarks/3-stratified-random-sampling/benchmarks/QF_FP/griggio/fmcad12/newton.6.2.i.smt2,/root/jfs-fse-2019-artifact/data/benchmarks/3-stratified-random-sampling/benchmarks/QF_FP/griggio/fmcad12/newton.6.2.i.smt2,1,sat,1.854,
/root/jfs-fse-2019-artifact/data/benchmarks/3-stratified-random-sampling/benchmarks/QF_FP/griggio/fmcad12/newton.7.1.i.smt2,/root/jfs-fse-2019-artifact/data/benchmarks/3-stratified-random-sampling/benchmarks/QF_FP/griggio/fmcad12/newton.7.1.i.smt2,1,sat,1.918,
/root/jfs-fse-2019-artifact/data/benchmarks/3-stratified-random-sampling/benchmarks/QF_FP/griggio/fmcad12/newton.8.1.i.smt2,/root/jfs-fse-2019-artifact/data/benchmarks/3-stratified-random-sampling/benchmarks/QF_FP/griggio/fmcad12/newton.8.1.i.smt2,1,sat,1.850,
/root/jfs-fse-2019-artifact/data/benchmarks/3-stratified-random-sampling/benchmarks/QF_FP/griggio/fmcad12/newton.8.2.i.smt2,/root/jfs-fse-2019-artifact/data/benchmarks/3-stratified-random-sampling/benchmarks/QF_FP/griggio/fmcad12/newton.8.2.i.smt2,1,sat,1.805,
/root/jfs-fse-2019-artifact/data/benchmarks/3-stratified-random-sampling/benchmarks/QF_FP/griggio/fmcad12/sin2.c.2.smt2,/root/jfs-fse-2019-artifact/data/benchmarks/3-stratified-random-sampling/benchmarks/QF_FP/griggio/fmcad12/sin2.c.2.smt2,13,sat,60.262,
/root/jfs-fse-2019-artifact/data/benchmarks/3-stratified-random-sampling/benchmarks/QF_FP/griggio/fmcad12/sin2.c.5.smt2,/root/jfs-fse-2019-artifact/data/benchmarks/3-stratified-random-sampling/benchmarks/QF_FP/griggio/fmcad12/sin2.c.5.smt2,22,sat,155.009,
/root/jfs-fse-2019-artifact/data/benchmarks/3-stratified-random-sampling/benchmarks/QF_FP/griggio/fmcad12/sine.1.0.i.smt2,/root/jfs-fse-2019-artifact/data/benchmarks/3-stratified-random-sampling/benchmarks/QF_FP/griggio/fmcad12/sine.1.0.i.smt2,1,sat,1.832,
/root/jfs-fse-2019-artifact/data/benchmarks/3-stratified-random-sampling/benchmarks/QF_FP/griggio/fmcad12/sqrt.c.2.smt2,/root/jfs-fse-2019-artifact/data/benchmarks/3-stratified-random-sampling/benchmarks/QF_FP/griggio/fmcad12/sqrt.c.2.smt2,10,sat,1.909,
/root/jfs-fse-2019-artifact/data/benchmarks/3-stratified-random-sampling/benchmarks/QF_FP/griggio/fmcad12/newton.6.3.i.smt2,/root/jfs-fse-2019-artifact/data/benchmarks/3-stratified-random-sampling/benchmarks/QF_FP/griggio/fmcad12/newton.6.3.i.smt2,1,sat,1.954,
/root/jfs-fse-2019-artifact/data/benchmarks/3-stratified-random-sampling/benchmarks/QF_FP/griggio/fmcad12/newton.7.2.i.smt2,/root/jfs-fse-2019-artifact/data/benchmarks/3-stratified-random-sampling/benchmarks/QF_FP/griggio/fmcad12/newton.7.2.i.smt2,1,sat,1.994,
/root/jfs-fse-2019-artifact/data/benchmarks/3-stratified-random-sampling/benchmarks/QF_FP/griggio/fmcad12/newton.7.3.i.smt2,/root/jfs-fse-2019-artifact/data/benchmarks/3-stratified-random-sampling/benchmarks/QF_FP/griggio/fmcad12/newton.7.3.i.smt2,1,sat,1.855,
/root/jfs-fse-2019-artifact/data/benchmarks/3-stratified-random-sampling/benchmarks/QF_FP/griggio/fmcad12/newton.8.3.i.smt2,/root/jfs-fse-2019-artifact/data/benchmarks/3-stratified-random-sampling/benchmarks/QF_FP/griggio/fmcad12/newton.8.3.i.smt2,1,sat,1.848,
/root/jfs-fse-2019-artifact/data/benchmarks/3-stratified-random-sampling/benchmarks/QF_FP/griggio/fmcad12/sin.c.25.smt2,/root/jfs-fse-2019-artifact/data/benchmarks/3-stratified-random-sampling/benchmarks/QF_FP/griggio/fmcad12/sin.c.25.smt2,81,,172801.379,time out after 172800 seconds
/root/jfs-fse-2019-artifact/data/benchmarks/3-stratified-random-sampling/benchmarks/QF_FP/griggio/fmcad12/sin2.c.10.smt2,/root/jfs-fse-2019-artifact/data/benchmarks/3-stratified-random-sampling/benchmarks/QF_FP/griggio/fmcad12/sin2.c.10.smt2,37,,172801.125,time out after 172800 seconds
/root/jfs-fse-2019-artifact/data/benchmarks/3-stratified-random-sampling/benchmarks/QF_FP/griggio/fmcad12/sin2.c.15.smt2,/root/jfs-fse-2019-artifact/data/benchmarks/3-stratified-random-sampling/benchmarks/QF_FP/griggio/fmcad12/sin2.c.15.smt2,52,,172801.338,time out after 172800 seconds
/root/jfs-fse-2019-artifact/data/benchmarks/3-stratified-random-sampling/benchmarks/QF_FP/griggio/fmcad12/sin2.c.20.smt2,/root/jfs-fse-2019-artifact/data/benchmarks/3-stratified-random-sampling/benchmarks/QF_FP/griggio/fmcad12/sin2.c.20.smt2,67,,172801.234,time out after 172800 seconds
/root/jfs-fse-2019-artifact/data/benchmarks/3-stratified-random-sampling/benchmarks/QF_FP/griggio/fmcad12/sin2.c.25.smt2,/root/jfs-fse-2019-artifact/data/benchmarks/3-stratified-random-sampling/benchmarks/QF_FP/griggio/fmcad12/sin2.c.25.smt2,82,,172801.418,time out after 172800 seconds
/root/jfs-fse-2019-artifact/data/benchmarks/3-stratified-random-sampling/benchmarks/QF_FP/griggio/fmcad12/sqrt.c.5.smt2,/root/jfs-fse-2019-artifact/data/benchmarks/3-stratified-random-sampling/benchmarks/QF_FP/griggio/fmcad12/sqrt.c.5.smt2,16,,172801.051,time out after 172800 seconds
