/root/jfs-fse-2019-artifact/data/benchmarks/3-stratified-random-sampling/benchmarks/QF_FP/20170501-Heizmann-UltimateAutomizer/Newlib-BadKrozingenChallenge-Oversimplified.smt2,/root/jfs-fse-2019-artifact/data/benchmarks/3-stratified-random-sampling/benchmarks/QF_FP/20170501-Heizmann-UltimateAutomizer/Newlib-BadKrozingenChallenge-Oversimplified.smt2,16,sat,0.384,
/root/jfs-fse-2019-artifact/data/benchmarks/3-stratified-random-sampling/benchmarks/QF_FP/20170501-Heizmann-UltimateAutomizer/water_pid_true-unreach-call.c_14.smt2,/root/jfs-fse-2019-artifact/data/benchmarks/3-stratified-random-sampling/benchmarks/QF_FP/20170501-Heizmann-UltimateAutomizer/water_pid_true-unreach-call.c_14.smt2,13,sat,0.336,
/root/jfs-fse-2019-artifact/data/benchmarks/3-stratified-random-sampling/benchmarks/QF_FP/griggio/fmcad12/div.c.10.smt2,/root/jfs-fse-2019-artifact/data/benchmarks/3-stratified-random-sampling/benchmarks/QF_FP/griggio/fmcad12/div.c.10.smt2,13,sat,1011.575,
/root/jfs-fse-2019-artifact/data/benchmarks/3-stratified-random-sampling/benchmarks/QF_FP/griggio/fmcad12/div.c.20.smt2,/root/jfs-fse-2019-artifact/data/benchmarks/3-stratified-random-sampling/benchmarks/QF_FP/griggio/fmcad12/div.c.20.smt2,23,,172800.061,time out after 172800 seconds
/root/jfs-fse-2019-artifact/data/benchmarks/3-stratified-random-sampling/benchmarks/QF_FP/griggio/fmcad12/div.c.3.smt2,/root/jfs-fse-2019-artifact/data/benchmarks/3-stratified-random-sampling/benchmarks/QF_FP/griggio/fmcad12/div.c.3.smt2,6,sat,0.540,
/root/jfs-fse-2019-artifact/data/benchmarks/3-stratified-random-sampling/benchmarks/QF_FP/griggio/fmcad12/div.c.30.smt2,/root/jfs-fse-2019-artifact/data/benchmarks/3-stratified-random-sampling/benchmarks/QF_FP/griggio/fmcad12/div.c.30.smt2,33,,172800.036,time out after 172800 seconds
/root/jfs-fse-2019-artifact/data/benchmarks/3-stratified-random-sampling/benchmarks/QF_FP/griggio/fmcad12/div.c.40.smt2,/root/jfs-fse-2019-artifact/data/benchmarks/3-stratified-random-sampling/benchmarks/QF_FP/griggio/fmcad12/div.c.40.smt2,43,,172800.034,time out after 172800 seconds
/root/jfs-fse-2019-artifact/data/benchmarks/3-stratified-random-sampling/benchmarks/QF_FP/griggio/fmcad12/div.c.50.smt2,/root/jfs-fse-2019-artifact/data/benchmarks/3-stratified-random-sampling/benchmarks/QF_FP/griggio/fmcad12/div.c.50.smt2,53,,172800.030,time out after 172800 seconds
/root/jfs-fse-2019-artifact/data/benchmarks/3-stratified-random-sampling/benchmarks/QF_FP/griggio/fmcad12/div2.c.10.smt2,/root/jfs-fse-2019-artifact/data/benchmarks/3-stratified-random-sampling/benchmarks/QF_FP/griggio/fmcad12/div2.c.10.smt2,12,sat,0.497,
/root/jfs-fse-2019-artifact/data/benchmarks/3-stratified-random-sampling/benchmarks/QF_FP/griggio/fmcad12/div2.c.20.smt2,/root/jfs-fse-2019-artifact/data/benchmarks/3-stratified-random-sampling/benchmarks/QF_FP/griggio/fmcad12/div2.c.20.smt2,22,sat,8107.72,
/root/jfs-fse-2019-artifact/data/benchmarks/3-stratified-random-sampling/benchmarks/QF_FP/griggio/fmcad12/div2.c.3.smt2,/root/jfs-fse-2019-artifact/data/benchmarks/3-stratified-random-sampling/benchmarks/QF_FP/griggio/fmcad12/div2.c.3.smt2,5,sat,0.466,
/root/jfs-fse-2019-artifact/data/benchmarks/3-stratified-random-sampling/benchmarks/QF_FP/griggio/fmcad12/div2.c.30.smt2,/root/jfs-fse-2019-artifact/data/benchmarks/3-stratified-random-sampling/benchmarks/QF_FP/griggio/fmcad12/div2.c.30.smt2,32,,172800.020,time out after 172800 seconds
/root/jfs-fse-2019-artifact/data/benchmarks/3-stratified-random-sampling/benchmarks/QF_FP/griggio/fmcad12/div2.c.40.smt2,/root/jfs-fse-2019-artifact/data/benchmarks/3-stratified-random-sampling/benchmarks/QF_FP/griggio/fmcad12/div2.c.40.smt2,42,,172800.019,time out after 172800 seconds
/root/jfs-fse-2019-artifact/data/benchmarks/3-stratified-random-sampling/benchmarks/QF_FP/griggio/fmcad12/div2.c.50.smt2,/root/jfs-fse-2019-artifact/data/benchmarks/3-stratified-random-sampling/benchmarks/QF_FP/griggio/fmcad12/div2.c.50.smt2,52,,172800.015,time out after 172800 seconds
/root/jfs-fse-2019-artifact/data/benchmarks/3-stratified-random-sampling/benchmarks/QF_FP/griggio/fmcad12/div3.c.10.smt2,/root/jfs-fse-2019-artifact/data/benchmarks/3-stratified-random-sampling/benchmarks/QF_FP/griggio/fmcad12/div3.c.10.smt2,13,sat,215.129,
/root/jfs-fse-2019-artifact/data/benchmarks/3-stratified-random-sampling/benchmarks/QF_FP/griggio/fmcad12/div3.c.20.smt2,/root/jfs-fse-2019-artifact/data/benchmarks/3-stratified-random-sampling/benchmarks/QF_FP/griggio/fmcad12/div3.c.20.smt2,23,sat,91175.783,
/root/jfs-fse-2019-artifact/data/benchmarks/3-stratified-random-sampling/benchmarks/QF_FP/griggio/fmcad12/div3.c.3.smt2,/root/jfs-fse-2019-artifact/data/benchmarks/3-stratified-random-sampling/benchmarks/QF_FP/griggio/fmcad12/div3.c.3.smt2,6,sat,0.337,
/root/jfs-fse-2019-artifact/data/benchmarks/3-stratified-random-sampling/benchmarks/QF_FP/griggio/fmcad12/div3.c.30.smt2,/root/jfs-fse-2019-artifact/data/benchmarks/3-stratified-random-sampling/benchmarks/QF_FP/griggio/fmcad12/div3.c.30.smt2,33,,172800.024,time out after 172800 seconds
/root/jfs-fse-2019-artifact/data/benchmarks/3-stratified-random-sampling/benchmarks/QF_FP/griggio/fmcad12/div3.c.40.smt2,/root/jfs-fse-2019-artifact/data/benchmarks/3-stratified-random-sampling/benchmarks/QF_FP/griggio/fmcad12/div3.c.40.smt2,43,,172800.020,time out after 172800 seconds
/root/jfs-fse-2019-artifact/data/benchmarks/3-stratified-random-sampling/benchmarks/QF_FP/griggio/fmcad12/div3.c.50.smt2,/root/jfs-fse-2019-artifact/data/benchmarks/3-stratified-random-sampling/benchmarks/QF_FP/griggio/fmcad12/div3.c.50.smt2,53,,172800.043,time out after 172800 seconds
/root/jfs-fse-2019-artifact/data/benchmarks/3-stratified-random-sampling/benchmarks/QF_FP/griggio/fmcad12/e2.c.smt2,/root/jfs-fse-2019-artifact/data/benchmarks/3-stratified-random-sampling/benchmarks/QF_FP/griggio/fmcad12/e2.c.smt2,13,sat,0.340,
/root/jfs-fse-2019-artifact/data/benchmarks/3-stratified-random-sampling/benchmarks/QF_FP/griggio/fmcad12/e2_1.c.smt2,/root/jfs-fse-2019-artifact/data/benchmarks/3-stratified-random-sampling/benchmarks/QF_FP/griggio/fmcad12/e2_1.c.smt2,11,sat,0.334,
/root/jfs-fse-2019-artifact/data/benchmarks/3-stratified-random-sampling/benchmarks/QF_FP/griggio/fmcad12/e2_2.c.smt2,/root/jfs-fse-2019-artifact/data/benchmarks/3-stratified-random-sampling/benchmarks/QF_FP/griggio/fmcad12/e2_2.c.smt2,12,sat,0.429,
/root/jfs-fse-2019-artifact/data/benchmarks/3-stratified-random-sampling/benchmarks/QF_FP/griggio/fmcad12/e2_3.c.smt2,/root/jfs-fse-2019-artifact/data/benchmarks/3-stratified-random-sampling/benchmarks/QF_FP/griggio/fmcad12/e2_3.c.smt2,11,sat,0.382,
/root/jfs-fse-2019-artifact/data/benchmarks/3-stratified-random-sampling/benchmarks/QF_FP/griggio/fmcad12/e2a_1.c.smt2,/root/jfs-fse-2019-artifact/data/benchmarks/3-stratified-random-sampling/benchmarks/QF_FP/griggio/fmcad12/e2a_1.c.smt2,8,sat,0.351,
/root/jfs-fse-2019-artifact/data/benchmarks/3-stratified-random-sampling/benchmarks/QF_FP/griggio/fmcad12/e2a_2.c.smt2,/root/jfs-fse-2019-artifact/data/benchmarks/3-stratified-random-sampling/benchmarks/QF_FP/griggio/fmcad12/e2a_2.c.smt2,9,sat,0.330,
/root/jfs-fse-2019-artifact/data/benchmarks/3-stratified-random-sampling/benchmarks/QF_FP/griggio/fmcad12/e2a_3.c.smt2,/root/jfs-fse-2019-artifact/data/benchmarks/3-stratified-random-sampling/benchmarks/QF_FP/griggio/fmcad12/e2a_3.c.smt2,7,sat,0.380,
/root/jfs-fse-2019-artifact/data/benchmarks/3-stratified-random-sampling/benchmarks/QF_FP/griggio/fmcad12/e3_1.c.smt2,/root/jfs-fse-2019-artifact/data/benchmarks/3-stratified-random-sampling/benchmarks/QF_FP/griggio/fmcad12/e3_1.c.smt2,7,sat,0.356,
/root/jfs-fse-2019-artifact/data/benchmarks/3-stratified-random-sampling/benchmarks/QF_FP/griggio/fmcad12/e3_2.c.smt2,/root/jfs-fse-2019-artifact/data/benchmarks/3-stratified-random-sampling/benchmarks/QF_FP/griggio/fmcad12/e3_2.c.smt2,7,sat,0.369,
/root/jfs-fse-2019-artifact/data/benchmarks/3-stratified-random-sampling/benchmarks/QF_FP/griggio/fmcad12/f23.smt2,/root/jfs-fse-2019-artifact/data/benchmarks/3-stratified-random-sampling/benchmarks/QF_FP/griggio/fmcad12/f23.smt2,2,sat,6.979,
/root/jfs-fse-2019-artifact/data/benchmarks/3-stratified-random-sampling/benchmarks/QF_FP/griggio/fmcad12/gaussian.c.125.smt2,/root/jfs-fse-2019-artifact/data/benchmarks/3-stratified-random-sampling/benchmarks/QF_FP/griggio/fmcad12/gaussian.c.125.smt2,379,,172800.031,time out after 172800 seconds
/root/jfs-fse-2019-artifact/data/benchmarks/3-stratified-random-sampling/benchmarks/QF_FP/griggio/fmcad12/gaussian.c.175.smt2,/root/jfs-fse-2019-artifact/data/benchmarks/3-stratified-random-sampling/benchmarks/QF_FP/griggio/fmcad12/gaussian.c.175.smt2,529,,172800.034,time out after 172800 seconds
/root/jfs-fse-2019-artifact/data/benchmarks/3-stratified-random-sampling/benchmarks/QF_FP/griggio/fmcad12/gaussian.c.25.smt2,/root/jfs-fse-2019-artifact/data/benchmarks/3-stratified-random-sampling/benchmarks/QF_FP/griggio/fmcad12/gaussian.c.25.smt2,79,,172800.028,time out after 172800 seconds
/root/jfs-fse-2019-artifact/data/benchmarks/3-stratified-random-sampling/benchmarks/QF_FP/griggio/fmcad12/gaussian.c.75.smt2,/root/jfs-fse-2019-artifact/data/benchmarks/3-stratified-random-sampling/benchmarks/QF_FP/griggio/fmcad12/gaussian.c.75.smt2,229,,172800.038,time out after 172800 seconds
/root/jfs-fse-2019-artifact/data/benchmarks/3-stratified-random-sampling/benchmarks/QF_FP/griggio/fmcad12/mult2.c.10.smt2,/root/jfs-fse-2019-artifact/data/benchmarks/3-stratified-random-sampling/benchmarks/QF_FP/griggio/fmcad12/mult2.c.10.smt2,14,sat,4.401,
/root/jfs-fse-2019-artifact/data/benchmarks/3-stratified-random-sampling/benchmarks/QF_FP/griggio/fmcad12/mult2.c.20.smt2,/root/jfs-fse-2019-artifact/data/benchmarks/3-stratified-random-sampling/benchmarks/QF_FP/griggio/fmcad12/mult2.c.20.smt2,24,,172800.021,time out after 172800 seconds
/root/jfs-fse-2019-artifact/data/benchmarks/3-stratified-random-sampling/benchmarks/QF_FP/griggio/fmcad12/mult2.c.3.smt2,/root/jfs-fse-2019-artifact/data/benchmarks/3-stratified-random-sampling/benchmarks/QF_FP/griggio/fmcad12/mult2.c.3.smt2,7,sat,0.335,
/root/jfs-fse-2019-artifact/data/benchmarks/3-stratified-random-sampling/benchmarks/QF_FP/griggio/fmcad12/mult2.c.30.smt2,/root/jfs-fse-2019-artifact/data/benchmarks/3-stratified-random-sampling/benchmarks/QF_FP/griggio/fmcad12/mult2.c.30.smt2,34,,172800.019,time out after 172800 seconds
/root/jfs-fse-2019-artifact/data/benchmarks/3-stratified-random-sampling/benchmarks/QF_FP/griggio/fmcad12/mult2.c.40.smt2,/root/jfs-fse-2019-artifact/data/benchmarks/3-stratified-random-sampling/benchmarks/QF_FP/griggio/fmcad12/mult2.c.40.smt2,44,,172800.023,time out after 172800 seconds
/root/jfs-fse-2019-artifact/data/benchmarks/3-stratified-random-sampling/benchmarks/QF_FP/griggio/fmcad12/mult2.c.50.smt2,/root/jfs-fse-2019-artifact/data/benchmarks/3-stratified-random-sampling/benchmarks/QF_FP/griggio/fmcad12/mult2.c.50.smt2,54,,172800.023,time out after 172800 seconds
/root/jfs-fse-2019-artifact/data/benchmarks/3-stratified-random-sampling/benchmarks/QF_FP/griggio/fmcad12/test_v3_r3_vr10_c1_s14052.smt2,/root/jfs-fse-2019-artifact/data/benchmarks/3-stratified-random-sampling/benchmarks/QF_FP/griggio/fmcad12/test_v3_r3_vr10_c1_s14052.smt2,3,sat,0.351,
/root/jfs-fse-2019-artifact/data/benchmarks/3-stratified-random-sampling/benchmarks/QF_FP/griggio/fmcad12/test_v3_r3_vr10_c1_s24300.smt2,/root/jfs-fse-2019-artifact/data/benchmarks/3-stratified-random-sampling/benchmarks/QF_FP/griggio/fmcad12/test_v3_r3_vr10_c1_s24300.smt2,3,sat,0.385,
/root/jfs-fse-2019-artifact/data/benchmarks/3-stratified-random-sampling/benchmarks/QF_FP/griggio/fmcad12/test_v3_r3_vr10_c1_s29304.smt2,/root/jfs-fse-2019-artifact/data/benchmarks/3-stratified-random-sampling/benchmarks/QF_FP/griggio/fmcad12/test_v3_r3_vr10_c1_s29304.smt2,3,sat,0.330,
/root/jfs-fse-2019-artifact/data/benchmarks/3-stratified-random-sampling/benchmarks/QF_FP/griggio/fmcad12/test_v3_r3_vr1_c1_s10392.smt2,/root/jfs-fse-2019-artifact/data/benchmarks/3-stratified-random-sampling/benchmarks/QF_FP/griggio/fmcad12/test_v3_r3_vr1_c1_s10392.smt2,3,sat,0.333,
/root/jfs-fse-2019-artifact/data/benchmarks/3-stratified-random-sampling/benchmarks/QF_FP/griggio/fmcad12/test_v3_r3_vr5_c1_s16641.smt2,/root/jfs-fse-2019-artifact/data/benchmarks/3-stratified-random-sampling/benchmarks/QF_FP/griggio/fmcad12/test_v3_r3_vr5_c1_s16641.smt2,3,sat,0.337,
/root/jfs-fse-2019-artifact/data/benchmarks/3-stratified-random-sampling/benchmarks/QF_FP/griggio/fmcad12/test_v3_r3_vr5_c1_s16867.smt2,/root/jfs-fse-2019-artifact/data/benchmarks/3-stratified-random-sampling/benchmarks/QF_FP/griggio/fmcad12/test_v3_r3_vr5_c1_s16867.smt2,3,sat,0.332,
/root/jfs-fse-2019-artifact/data/benchmarks/3-stratified-random-sampling/benchmarks/QF_FP/griggio/fmcad12/test_v3_r3_vr5_c1_s26769.smt2,/root/jfs-fse-2019-artifact/data/benchmarks/3-stratified-random-sampling/benchmarks/QF_FP/griggio/fmcad12/test_v3_r3_vr5_c1_s26769.smt2,3,sat,0.318,
/root/jfs-fse-2019-artifact/data/benchmarks/3-stratified-random-sampling/benchmarks/QF_FP/griggio/fmcad12/test_v3_r8_vr10_c1_s5590.smt2,/root/jfs-fse-2019-artifact/data/benchmarks/3-stratified-random-sampling/benchmarks/QF_FP/griggio/fmcad12/test_v3_r8_vr10_c1_s5590.smt2,3,sat,2.468,
/root/jfs-fse-2019-artifact/data/benchmarks/3-stratified-random-sampling/benchmarks/QF_FP/griggio/fmcad12/test_v5_r10_vr1_c1_s13516.smt2,/root/jfs-fse-2019-artifact/data/benchmarks/3-stratified-random-sampling/benchmarks/QF_FP/griggio/fmcad12/test_v5_r10_vr1_c1_s13516.smt2,5,sat,7.461,
/root/jfs-fse-2019-artifact/data/benchmarks/3-stratified-random-sampling/benchmarks/QF_FP/griggio/fmcad12/test_v5_r10_vr1_c1_s19145.smt2,/root/jfs-fse-2019-artifact/data/benchmarks/3-stratified-random-sampling/benchmarks/QF_FP/griggio/fmcad12/test_v5_r10_vr1_c1_s19145.smt2,5,sat,11.680,
/root/jfs-fse-2019-artifact/data/benchmarks/3-stratified-random-sampling/benchmarks/QF_FP/griggio/fmcad12/test_v5_r10_vr5_c1_s13195.smt2,/root/jfs-fse-2019-artifact/data/benchmarks/3-stratified-random-sampling/benchmarks/QF_FP/griggio/fmcad12/test_v5_r10_vr5_c1_s13195.smt2,5,sat,0.352,
/root/jfs-fse-2019-artifact/data/benchmarks/3-stratified-random-sampling/benchmarks/QF_FP/griggio/fmcad12/test_v5_r10_vr5_c1_s13679.smt2,/root/jfs-fse-2019-artifact/data/benchmarks/3-stratified-random-sampling/benchmarks/QF_FP/griggio/fmcad12/test_v5_r10_vr5_c1_s13679.smt2,5,sat,3846.490,
/root/jfs-fse-2019-artifact/data/benchmarks/3-stratified-random-sampling/benchmarks/QF_FP/griggio/fmcad12/test_v5_r5_vr10_c1_s5379.smt2,/root/jfs-fse-2019-artifact/data/benchmarks/3-stratified-random-sampling/benchmarks/QF_FP/griggio/fmcad12/test_v5_r5_vr10_c1_s5379.smt2,5,sat,0.355,
/root/jfs-fse-2019-artifact/data/benchmarks/3-stratified-random-sampling/benchmarks/QF_FP/griggio/fmcad12/test_v5_r5_vr10_c1_s5996.smt2,/root/jfs-fse-2019-artifact/data/benchmarks/3-stratified-random-sampling/benchmarks/QF_FP/griggio/fmcad12/test_v5_r5_vr10_c1_s5996.smt2,5,sat,0.348,
/root/jfs-fse-2019-artifact/data/benchmarks/3-stratified-random-sampling/benchmarks/QF_FP/griggio/fmcad12/test_v5_r5_vr10_c1_s7194.smt2,/root/jfs-fse-2019-artifact/data/benchmarks/3-stratified-random-sampling/benchmarks/QF_FP/griggio/fmcad12/test_v5_r5_vr10_c1_s7194.smt2,5,sat,75.500,
/root/jfs-fse-2019-artifact/data/benchmarks/3-stratified-random-sampling/benchmarks/QF_FP/griggio/fmcad12/test_v5_r5_vr1_c1_s14623.smt2,/root/jfs-fse-2019-artifact/data/benchmarks/3-stratified-random-sampling/benchmarks/QF_FP/griggio/fmcad12/test_v5_r5_vr1_c1_s14623.smt2,5,sat,16.921,
/root/jfs-fse-2019-artifact/data/benchmarks/3-stratified-random-sampling/benchmarks/QF_FP/griggio/fmcad12/test_v5_r5_vr1_c1_s15604.smt2,/root/jfs-fse-2019-artifact/data/benchmarks/3-stratified-random-sampling/benchmarks/QF_FP/griggio/fmcad12/test_v5_r5_vr1_c1_s15604.smt2,5,sat,1.602,
/root/jfs-fse-2019-artifact/data/benchmarks/3-stratified-random-sampling/benchmarks/QF_FP/griggio/fmcad12/test_v5_r5_vr1_c1_s16138.smt2,/root/jfs-fse-2019-artifact/data/benchmarks/3-stratified-random-sampling/benchmarks/QF_FP/griggio/fmcad12/test_v5_r5_vr1_c1_s16138.smt2,5,sat,1471.572,
/root/jfs-fse-2019-artifact/data/benchmarks/3-stratified-random-sampling/benchmarks/QF_FP/griggio/fmcad12/test_v5_r5_vr5_c1_s24018.smt2,/root/jfs-fse-2019-artifact/data/benchmarks/3-stratified-random-sampling/benchmarks/QF_FP/griggio/fmcad12/test_v5_r5_vr5_c1_s24018.smt2,5,sat,0.456,
/root/jfs-fse-2019-artifact/data/benchmarks/3-stratified-random-sampling/benchmarks/QF_FP/griggio/fmcad12/test_v5_r5_vr5_c1_s2800.smt2,/root/jfs-fse-2019-artifact/data/benchmarks/3-stratified-random-sampling/benchmarks/QF_FP/griggio/fmcad12/test_v5_r5_vr5_c1_s2800.smt2,5,,172800.020,time out after 172800 seconds
/root/jfs-fse-2019-artifact/data/benchmarks/3-stratified-random-sampling/benchmarks/QF_FP/griggio/fmcad12/test_v5_r5_vr5_c1_s9855.smt2,/root/jfs-fse-2019-artifact/data/benchmarks/3-stratified-random-sampling/benchmarks/QF_FP/griggio/fmcad12/test_v5_r5_vr5_c1_s9855.smt2,5,sat,0.375,
/root/jfs-fse-2019-artifact/data/benchmarks/3-stratified-random-sampling/benchmarks/QF_FP/griggio/fmcad12/test_v7_r12_vr10_c1_s15994.smt2,/root/jfs-fse-2019-artifact/data/benchmarks/3-stratified-random-sampling/benchmarks/QF_FP/griggio/fmcad12/test_v7_r12_vr10_c1_s15994.smt2,7,sat,0.611,
/root/jfs-fse-2019-artifact/data/benchmarks/3-stratified-random-sampling/benchmarks/QF_FP/griggio/fmcad12/test_v7_r12_vr10_c1_s30410.smt2,/root/jfs-fse-2019-artifact/data/benchmarks/3-stratified-random-sampling/benchmarks/QF_FP/griggio/fmcad12/test_v7_r12_vr10_c1_s30410.smt2,7,,172800.021,time out after 172800 seconds
/root/jfs-fse-2019-artifact/data/benchmarks/3-stratified-random-sampling/benchmarks/QF_FP/griggio/fmcad12/test_v7_r12_vr5_c1_s14336.smt2,/root/jfs-fse-2019-artifact/data/benchmarks/3-stratified-random-sampling/benchmarks/QF_FP/griggio/fmcad12/test_v7_r12_vr5_c1_s14336.smt2,7,sat,0.926,
/root/jfs-fse-2019-artifact/data/benchmarks/3-stratified-random-sampling/benchmarks/QF_FP/griggio/fmcad12/test_v7_r12_vr5_c1_s29826.smt2,/root/jfs-fse-2019-artifact/data/benchmarks/3-stratified-random-sampling/benchmarks/QF_FP/griggio/fmcad12/test_v7_r12_vr5_c1_s29826.smt2,7,sat,6792.764,
/root/jfs-fse-2019-artifact/data/benchmarks/3-stratified-random-sampling/benchmarks/QF_FP/griggio/fmcad12/test_v7_r12_vr5_c1_s8938.smt2,/root/jfs-fse-2019-artifact/data/benchmarks/3-stratified-random-sampling/benchmarks/QF_FP/griggio/fmcad12/test_v7_r12_vr5_c1_s8938.smt2,7,sat,0.382,
/root/jfs-fse-2019-artifact/data/benchmarks/3-stratified-random-sampling/benchmarks/QF_FP/griggio/fmcad12/test_v7_r17_vr10_c1_s18654.smt2,/root/jfs-fse-2019-artifact/data/benchmarks/3-stratified-random-sampling/benchmarks/QF_FP/griggio/fmcad12/test_v7_r17_vr10_c1_s18654.smt2,7,,172800.024,time out after 172800 seconds
/root/jfs-fse-2019-artifact/data/benchmarks/3-stratified-random-sampling/benchmarks/QF_FP/griggio/fmcad12/test_v7_r17_vr10_c1_s8773.smt2,/root/jfs-fse-2019-artifact/data/benchmarks/3-stratified-random-sampling/benchmarks/QF_FP/griggio/fmcad12/test_v7_r17_vr10_c1_s8773.smt2,7,,172800.022,time out after 172800 seconds
/root/jfs-fse-2019-artifact/data/benchmarks/3-stratified-random-sampling/benchmarks/QF_FP/griggio/fmcad12/test_v7_r17_vr1_c1_s23882.smt2,/root/jfs-fse-2019-artifact/data/benchmarks/3-stratified-random-sampling/benchmarks/QF_FP/griggio/fmcad12/test_v7_r17_vr1_c1_s23882.smt2,7,sat,48354.384,
/root/jfs-fse-2019-artifact/data/benchmarks/3-stratified-random-sampling/benchmarks/QF_FP/griggio/fmcad12/test_v7_r7_vr10_c1_s10625.smt2,/root/jfs-fse-2019-artifact/data/benchmarks/3-stratified-random-sampling/benchmarks/QF_FP/griggio/fmcad12/test_v7_r7_vr10_c1_s10625.smt2,7,sat,1.230,
/root/jfs-fse-2019-artifact/data/benchmarks/3-stratified-random-sampling/benchmarks/QF_FP/griggio/fmcad12/test_v7_r7_vr10_c1_s24535.smt2,/root/jfs-fse-2019-artifact/data/benchmarks/3-stratified-random-sampling/benchmarks/QF_FP/griggio/fmcad12/test_v7_r7_vr10_c1_s24535.smt2,7,sat,0.487,
/root/jfs-fse-2019-artifact/data/benchmarks/3-stratified-random-sampling/benchmarks/QF_FP/griggio/fmcad12/test_v7_r7_vr10_c1_s32506.smt2,/root/jfs-fse-2019-artifact/data/benchmarks/3-stratified-random-sampling/benchmarks/QF_FP/griggio/fmcad12/test_v7_r7_vr10_c1_s32506.smt2,7,sat,659.080,
/root/jfs-fse-2019-artifact/data/benchmarks/3-stratified-random-sampling/benchmarks/QF_FP/griggio/fmcad12/test_v7_r7_vr1_c1_s22845.smt2,/root/jfs-fse-2019-artifact/data/benchmarks/3-stratified-random-sampling/benchmarks/QF_FP/griggio/fmcad12/test_v7_r7_vr1_c1_s22845.smt2,7,sat,3653.732,
/root/jfs-fse-2019-artifact/data/benchmarks/3-stratified-random-sampling/benchmarks/QF_FP/griggio/fmcad12/test_v7_r7_vr1_c1_s4574.smt2,/root/jfs-fse-2019-artifact/data/benchmarks/3-stratified-random-sampling/benchmarks/QF_FP/griggio/fmcad12/test_v7_r7_vr1_c1_s4574.smt2,7,sat,8.916,
/root/jfs-fse-2019-artifact/data/benchmarks/3-stratified-random-sampling/benchmarks/QF_FP/griggio/fmcad12/test_v7_r7_vr5_c1_s14675.smt2,/root/jfs-fse-2019-artifact/data/benchmarks/3-stratified-random-sampling/benchmarks/QF_FP/griggio/fmcad12/test_v7_r7_vr5_c1_s14675.smt2,7,sat,0.530,
/root/jfs-fse-2019-artifact/data/benchmarks/3-stratified-random-sampling/benchmarks/QF_FP/griggio/fmcad12/test_v7_r7_vr5_c1_s19694.smt2,/root/jfs-fse-2019-artifact/data/benchmarks/3-stratified-random-sampling/benchmarks/QF_FP/griggio/fmcad12/test_v7_r7_vr5_c1_s19694.smt2,7,sat,1399.084,
/root/jfs-fse-2019-artifact/data/benchmarks/3-stratified-random-sampling/benchmarks/QF_FP/griggio/fmcad12/test_v7_r7_vr5_c1_s3582.smt2,/root/jfs-fse-2019-artifact/data/benchmarks/3-stratified-random-sampling/benchmarks/QF_FP/griggio/fmcad12/test_v7_r7_vr5_c1_s3582.smt2,7,sat,0.408,
/root/jfs-fse-2019-artifact/data/benchmarks/3-stratified-random-sampling/benchmarks/QF_FP/20170501-Heizmann-UltimateAutomizer/cos_polynomial_true-unreach-call.c_9.smt2,/root/jfs-fse-2019-artifact/data/benchmarks/3-stratified-random-sampling/benchmarks/QF_FP/20170501-Heizmann-UltimateAutomizer/cos_polynomial_true-unreach-call.c_9.smt2,10,sat,0.354,
/root/jfs-fse-2019-artifact/data/benchmarks/3-stratified-random-sampling/benchmarks/QF_FP/20170501-Heizmann-UltimateAutomizer/filter2_reinit_true-unreach-call.c_7.smt2,/root/jfs-fse-2019-artifact/data/benchmarks/3-stratified-random-sampling/benchmarks/QF_FP/20170501-Heizmann-UltimateAutomizer/filter2_reinit_true-unreach-call.c_7.smt2,8,sat,0.351,
/root/jfs-fse-2019-artifact/data/benchmarks/3-stratified-random-sampling/benchmarks/QF_FP/20170501-Heizmann-UltimateAutomizer/image_filter_true-unreach-call.c_2.smt2,/root/jfs-fse-2019-artifact/data/benchmarks/3-stratified-random-sampling/benchmarks/QF_FP/20170501-Heizmann-UltimateAutomizer/image_filter_true-unreach-call.c_2.smt2,11,sat,0.343,
/root/jfs-fse-2019-artifact/data/benchmarks/3-stratified-random-sampling/benchmarks/QF_FP/20170501-Heizmann-UltimateAutomizer/water_pid_true-unreach-call.c_372.smt2,/root/jfs-fse-2019-artifact/data/benchmarks/3-stratified-random-sampling/benchmarks/QF_FP/20170501-Heizmann-UltimateAutomizer/water_pid_true-unreach-call.c_372.smt2,16,sat,1.008,
/root/jfs-fse-2019-artifact/data/benchmarks/3-stratified-random-sampling/benchmarks/QF_FP/griggio/fmcad12/e1.c.smt2,/root/jfs-fse-2019-artifact/data/benchmarks/3-stratified-random-sampling/benchmarks/QF_FP/griggio/fmcad12/e1.c.smt2,5,sat,0.372,
/root/jfs-fse-2019-artifact/data/benchmarks/3-stratified-random-sampling/benchmarks/QF_FP/griggio/fmcad12/e1_1.c.smt2,/root/jfs-fse-2019-artifact/data/benchmarks/3-stratified-random-sampling/benchmarks/QF_FP/griggio/fmcad12/e1_1.c.smt2,4,sat,0.332,
/root/jfs-fse-2019-artifact/data/benchmarks/3-stratified-random-sampling/benchmarks/QF_FP/griggio/fmcad12/e1_2.c.smt2,/root/jfs-fse-2019-artifact/data/benchmarks/3-stratified-random-sampling/benchmarks/QF_FP/griggio/fmcad12/e1_2.c.smt2,4,sat,0.351,
/root/jfs-fse-2019-artifact/data/benchmarks/3-stratified-random-sampling/benchmarks/QF_FP/griggio/fmcad12/mult1.c.10.smt2,/root/jfs-fse-2019-artifact/data/benchmarks/3-stratified-random-sampling/benchmarks/QF_FP/griggio/fmcad12/mult1.c.10.smt2,13,sat,4.416,
/root/jfs-fse-2019-artifact/data/benchmarks/3-stratified-random-sampling/benchmarks/QF_FP/griggio/fmcad12/mult1.c.20.smt2,/root/jfs-fse-2019-artifact/data/benchmarks/3-stratified-random-sampling/benchmarks/QF_FP/griggio/fmcad12/mult1.c.20.smt2,23,sat,79495.676,
/root/jfs-fse-2019-artifact/data/benchmarks/3-stratified-random-sampling/benchmarks/QF_FP/griggio/fmcad12/mult1.c.3.smt2,/root/jfs-fse-2019-artifact/data/benchmarks/3-stratified-random-sampling/benchmarks/QF_FP/griggio/fmcad12/mult1.c.3.smt2,6,sat,0.425,
/root/jfs-fse-2019-artifact/data/benchmarks/3-stratified-random-sampling/benchmarks/QF_FP/griggio/fmcad12/mult1.c.30.smt2,/root/jfs-fse-2019-artifact/data/benchmarks/3-stratified-random-sampling/benchmarks/QF_FP/griggio/fmcad12/mult1.c.30.smt2,33,,172800.021,time out after 172800 seconds
/root/jfs-fse-2019-artifact/data/benchmarks/3-stratified-random-sampling/benchmarks/QF_FP/griggio/fmcad12/mult1.c.40.smt2,/root/jfs-fse-2019-artifact/data/benchmarks/3-stratified-random-sampling/benchmarks/QF_FP/griggio/fmcad12/mult1.c.40.smt2,43,,172800.023,time out after 172800 seconds
/root/jfs-fse-2019-artifact/data/benchmarks/3-stratified-random-sampling/benchmarks/QF_FP/griggio/fmcad12/mult1.c.50.smt2,/root/jfs-fse-2019-artifact/data/benchmarks/3-stratified-random-sampling/benchmarks/QF_FP/griggio/fmcad12/mult1.c.50.smt2,53,,172800.022,time out after 172800 seconds
/root/jfs-fse-2019-artifact/data/benchmarks/3-stratified-random-sampling/benchmarks/QF_FP/griggio/fmcad12/newton.4.1.i.smt2,/root/jfs-fse-2019-artifact/data/benchmarks/3-stratified-random-sampling/benchmarks/QF_FP/griggio/fmcad12/newton.4.1.i.smt2,1,sat,0.378,
/root/jfs-fse-2019-artifact/data/benchmarks/3-stratified-random-sampling/benchmarks/QF_FP/griggio/fmcad12/newton.5.1.i.smt2,/root/jfs-fse-2019-artifact/data/benchmarks/3-stratified-random-sampling/benchmarks/QF_FP/griggio/fmcad12/newton.5.1.i.smt2,1,sat,0.344,
/root/jfs-fse-2019-artifact/data/benchmarks/3-stratified-random-sampling/benchmarks/QF_FP/griggio/fmcad12/newton.6.1.i.smt2,/root/jfs-fse-2019-artifact/data/benchmarks/3-stratified-random-sampling/benchmarks/QF_FP/griggio/fmcad12/newton.6.1.i.smt2,1,sat,0.367,
/root/jfs-fse-2019-artifact/data/benchmarks/3-stratified-random-sampling/benchmarks/QF_FP/griggio/fmcad12/newton.6.2.i.smt2,/root/jfs-fse-2019-artifact/data/benchmarks/3-stratified-random-sampling/benchmarks/QF_FP/griggio/fmcad12/newton.6.2.i.smt2,1,sat,1.803,
/root/jfs-fse-2019-artifact/data/benchmarks/3-stratified-random-sampling/benchmarks/QF_FP/griggio/fmcad12/newton.7.1.i.smt2,/root/jfs-fse-2019-artifact/data/benchmarks/3-stratified-random-sampling/benchmarks/QF_FP/griggio/fmcad12/newton.7.1.i.smt2,1,sat,0.340,
/root/jfs-fse-2019-artifact/data/benchmarks/3-stratified-random-sampling/benchmarks/QF_FP/griggio/fmcad12/newton.8.1.i.smt2,/root/jfs-fse-2019-artifact/data/benchmarks/3-stratified-random-sampling/benchmarks/QF_FP/griggio/fmcad12/newton.8.1.i.smt2,1,sat,0.335,
/root/jfs-fse-2019-artifact/data/benchmarks/3-stratified-random-sampling/benchmarks/QF_FP/griggio/fmcad12/newton.8.2.i.smt2,/root/jfs-fse-2019-artifact/data/benchmarks/3-stratified-random-sampling/benchmarks/QF_FP/griggio/fmcad12/newton.8.2.i.smt2,1,sat,0.333,
/root/jfs-fse-2019-artifact/data/benchmarks/3-stratified-random-sampling/benchmarks/QF_FP/griggio/fmcad12/sin2.c.2.smt2,/root/jfs-fse-2019-artifact/data/benchmarks/3-stratified-random-sampling/benchmarks/QF_FP/griggio/fmcad12/sin2.c.2.smt2,13,sat,3.066,
/root/jfs-fse-2019-artifact/data/benchmarks/3-stratified-random-sampling/benchmarks/QF_FP/griggio/fmcad12/sin2.c.5.smt2,/root/jfs-fse-2019-artifact/data/benchmarks/3-stratified-random-sampling/benchmarks/QF_FP/griggio/fmcad12/sin2.c.5.smt2,22,,172800.021,time out after 172800 seconds
/root/jfs-fse-2019-artifact/data/benchmarks/3-stratified-random-sampling/benchmarks/QF_FP/griggio/fmcad12/sine.1.0.i.smt2,/root/jfs-fse-2019-artifact/data/benchmarks/3-stratified-random-sampling/benchmarks/QF_FP/griggio/fmcad12/sine.1.0.i.smt2,1,sat,0.577,
/root/jfs-fse-2019-artifact/data/benchmarks/3-stratified-random-sampling/benchmarks/QF_FP/griggio/fmcad12/sqrt.c.2.smt2,/root/jfs-fse-2019-artifact/data/benchmarks/3-stratified-random-sampling/benchmarks/QF_FP/griggio/fmcad12/sqrt.c.2.smt2,10,sat,2459.899,
/root/jfs-fse-2019-artifact/data/benchmarks/3-stratified-random-sampling/benchmarks/QF_FP/griggio/fmcad12/newton.6.3.i.smt2,/root/jfs-fse-2019-artifact/data/benchmarks/3-stratified-random-sampling/benchmarks/QF_FP/griggio/fmcad12/newton.6.3.i.smt2,1,sat,0.571,
/root/jfs-fse-2019-artifact/data/benchmarks/3-stratified-random-sampling/benchmarks/QF_FP/griggio/fmcad12/newton.7.2.i.smt2,/root/jfs-fse-2019-artifact/data/benchmarks/3-stratified-random-sampling/benchmarks/QF_FP/griggio/fmcad12/newton.7.2.i.smt2,1,sat,0.436,
/root/jfs-fse-2019-artifact/data/benchmarks/3-stratified-random-sampling/benchmarks/QF_FP/griggio/fmcad12/newton.7.3.i.smt2,/root/jfs-fse-2019-artifact/data/benchmarks/3-stratified-random-sampling/benchmarks/QF_FP/griggio/fmcad12/newton.7.3.i.smt2,1,sat,0.475,
/root/jfs-fse-2019-artifact/data/benchmarks/3-stratified-random-sampling/benchmarks/QF_FP/griggio/fmcad12/newton.8.3.i.smt2,/root/jfs-fse-2019-artifact/data/benchmarks/3-stratified-random-sampling/benchmarks/QF_FP/griggio/fmcad12/newton.8.3.i.smt2,1,sat,0.341,
/root/jfs-fse-2019-artifact/data/benchmarks/3-stratified-random-sampling/benchmarks/QF_FP/griggio/fmcad12/sin.c.25.smt2,/root/jfs-fse-2019-artifact/data/benchmarks/3-stratified-random-sampling/benchmarks/QF_FP/griggio/fmcad12/sin.c.25.smt2,81,,172800.021,time out after 172800 seconds
/root/jfs-fse-2019-artifact/data/benchmarks/3-stratified-random-sampling/benchmarks/QF_FP/griggio/fmcad12/sin2.c.10.smt2,/root/jfs-fse-2019-artifact/data/benchmarks/3-stratified-random-sampling/benchmarks/QF_FP/griggio/fmcad12/sin2.c.10.smt2,37,,172800.020,time out after 172800 seconds
/root/jfs-fse-2019-artifact/data/benchmarks/3-stratified-random-sampling/benchmarks/QF_FP/griggio/fmcad12/sin2.c.15.smt2,/root/jfs-fse-2019-artifact/data/benchmarks/3-stratified-random-sampling/benchmarks/QF_FP/griggio/fmcad12/sin2.c.15.smt2,52,,172800.021,time out after 172800 seconds
/root/jfs-fse-2019-artifact/data/benchmarks/3-stratified-random-sampling/benchmarks/QF_FP/griggio/fmcad12/sin2.c.20.smt2,/root/jfs-fse-2019-artifact/data/benchmarks/3-stratified-random-sampling/benchmarks/QF_FP/griggio/fmcad12/sin2.c.20.smt2,67,,172800.019,time out after 172800 seconds
/root/jfs-fse-2019-artifact/data/benchmarks/3-stratified-random-sampling/benchmarks/QF_FP/griggio/fmcad12/sin2.c.25.smt2,/root/jfs-fse-2019-artifact/data/benchmarks/3-stratified-random-sampling/benchmarks/QF_FP/griggio/fmcad12/sin2.c.25.smt2,82,,172800.018,time out after 172800 seconds
/root/jfs-fse-2019-artifact/data/benchmarks/3-stratified-random-sampling/benchmarks/QF_FP/griggio/fmcad12/sqrt.c.5.smt2,/root/jfs-fse-2019-artifact/data/benchmarks/3-stratified-random-sampling/benchmarks/QF_FP/griggio/fmcad12/sqrt.c.5.smt2,16,,172800.022,time out after 172800 seconds
